assembly_accession,corr.subtype.list
GCF_000163775.2,II-C
GCF_000153105.1,II-C
GCF_000008185.1,II-A
GCF_000338455.1,II-A
GCF_000338515.1,II-A
GCF_000338595.1,II-A
GCF_000338615.1,II-A
GCF_000338635.1,II-A
GCF_000340605.1,II-A
GCF_000340645.1,II-A
GCF_000340685.1,II-A
GCF_000340705.1,II-A
GCF_000340725.1,II-A
GCF_000340745.1,II-A
GCF_000413075.1,II-A
GCF_000413115.1,II-A
GCF_000187105.1,II-C
GCF_000253415.1,II-C
GCF_000253575.1,II-C
GCF_000253595.1,II-C
GCF_000253635.1,II-C
GCF_000253695.1,II-C
GCF_000253755.1,II-C
GCF_000253815.2,II-C
GCF_000253835.1,II-C
GCF_000253855.2,II-C
GCF_000253895.2,II-C
GCF_000254095.1,II-C
GCF_000254215.1,II-C
GCF_000314125.1,II-C
GCF_000314145.1,II-C
GCF_000314205.1,II-C
GCF_000314225.1,II-C
GCF_000314245.1,II-C
GCF_000314385.1,II-C
GCF_000321325.1,II-C
GCF_000470055.1,II-C
GCF_000505605.1,II-C
GCF_001419015.1,II-C
GCF_001419605.1,II-C
GCF_002207965.1,II-C
GCF_000009085.1,II-C
GCF_000017485.1,II-C
GCF_000017905.1,II-C
GCF_000025425.1,II-C
GCF_000168115.1,II-C
GCF_000168135.1,II-C
GCF_000168175.1,II-C
GCF_000168195.1,II-C
GCF_000171795.2,II-C
GCF_000234525.1,II-C
GCF_000234545.1,II-C
GCF_000242375.1,II-C
GCF_000242395.1,II-C
GCF_000254255.1,II-C
GCF_000254275.1,II-C
GCF_000254295.1,II-C
GCF_000254355.1,II-C
GCF_000254375.1,II-C
GCF_000254395.1,II-C
GCF_000254415.1,II-C
GCF_000254455.1,II-C
GCF_000254475.1,II-C
GCF_000254495.1,II-C
GCF_000254515.1,II-C
GCF_000254535.1,II-C
GCF_000254555.1,II-C
GCF_000254575.1,II-C
GCF_000254595.1,II-C
GCF_000254615.1,II-C
GCF_000254635.1,II-C
GCF_000254655.1,II-C
GCF_000254675.1,II-C
GCF_000254695.1,II-C
GCF_000254715.1,II-C
GCF_000254735.1,II-C
GCF_000254755.1,II-C
GCF_000254775.1,II-C
GCF_000254815.1,II-C
GCF_000254835.1,II-C
GCF_000254855.1,II-C
GCF_000254875.1,II-C
GCF_000254895.1,II-C
GCF_000254915.1,II-C
GCF_000254935.1,II-C
GCF_000254955.1,II-C
GCF_000254975.1,II-C
GCF_000254995.1,II-C
GCF_000255015.1,II-C
GCF_000255035.1,II-C
GCF_000255075.1,II-C
GCF_000255095.1,II-C
GCF_000283215.1,II-C
GCF_000285695.1,II-C
GCF_000285715.1,II-C
GCF_000285735.1,II-C
GCF_000285755.1,II-C
GCF_000302555.5,II-C
GCF_000304375.1,II-C
GCF_000314085.1,II-C
GCF_000314265.1,II-C
GCF_000314285.1,II-C
GCF_000314445.1,II-C
GCF_000314525.1,II-C
GCF_000355825.1,II-C
GCF_000355845.1,II-C
GCF_000397125.1,II-C
GCF_000430385.1,II-C
GCF_000438865.1,II-C
GCF_000466065.2,II-C
GCF_000466075.2,II-C
GCF_000466105.2,II-C
GCF_000468915.2,II-C
GCF_000493495.1,II-C
GCF_000633065.1,II-C
GCF_000685605.1,II-C
GCF_000686225.1,II-C
GCF_000686265.1,II-C
GCF_000686285.1,II-C
GCF_000686305.1,II-C
GCF_000686325.1,II-C
GCF_000686345.1,II-C
GCF_000686365.1,II-C
GCF_000686385.1,II-C
GCF_000686445.1,II-C
GCF_000737085.1,II-C
GCF_000772225.1,II-C
GCF_000830775.1,II-C
GCF_000830805.1,II-C
GCF_000830825.1,II-C
GCF_000830845.1,II-C
GCF_000830865.1,II-C
GCF_001418835.1,II-C
GCF_001418855.1,II-C
GCF_001418935.1,II-C
GCF_001419105.1,II-C
GCF_001419125.1,II-C
GCF_001419245.1,II-C
GCF_001419295.1,II-C
GCF_001419505.1,II-C
GCF_001419625.1,II-C
GCF_001516405.1,II-C
GCF_001516415.1,II-C
GCF_001516425.1,II-C
GCF_001516435.1,II-C
GCF_001516485.1,II-C
GCF_001516495.1,II-C
GCF_001516505.1,II-C
GCF_001516515.1,II-C
GCF_001865595.1,II-C
GCF_001865615.1,II-C
GCF_000816365.1,II-C
GCF_000816385.2,II-C
GCF_001677375.1,II-C
GCF_000509365.1,II-C
GCF_000765805.1,II-C
GCF_000091985.1,II-C
GCF_000367325.1,II-C
GCF_001521755.1,II-C
GCF_900168205.1,II-C
GCF_000382425.1,II-C
GCF_000520835.1,II-C
GCF_001013295.1,II-C
GCF_900156145.1,II-C
GCF_000243275.1,II-C
GCF_000297875.1,II-C
GCF_000143765.1,II-C
GCF_000159515.1,II-C
GCF_000009325.1,II-C
GCF_000016105.1,II-C
GCF_000023305.1,II-C
GCF_000154165.1,II-C
GCF_000154265.1,II-C
GCF_000248415.1,II-C
GCF_000248435.1,II-C
GCF_000305835.1,II-C
GCF_000305875.1,II-C
GCF_000305895.1,II-C
GCF_000305915.1,II-C
GCF_000313275.1,II-C
GCF_000346525.1,II-C
GCF_000628905.1,II-C
GCF_000628925.1,II-C
GCF_000628945.1,II-C
GCF_000628965.1,II-C
GCF_000628985.1,II-C
GCF_000629005.1,II-C
GCF_000741935.1,II-C
GCF_000833355.1,II-C
GCF_000833475.1,II-C
GCF_001011135.1,II-C
GCF_000193495.1,II-C
GCF_000379545.1,II-C
GCF_000048645.1,II-C
GCF_000211115.1,II-C
GCF_000694995.1,II-C
GCF_000009105.1,II-C
GCF_000014105.1,II-C
GCF_000026965.1,II-C
GCF_000083565.1,II-C
GCF_000146655.1,II-C
GCF_000191185.1,II-C
GCF_000193815.1,II-C
GCF_000240545.1,II-C
GCF_000240565.1,II-C
GCF_000240585.1,II-C
GCF_000240605.1,II-C
GCF_000240625.1,II-C
GCF_000240645.1,II-C
GCF_000242735.1,II-C
GCF_000242755.1,II-C
GCF_000253215.1,II-C
GCF_000293245.1,II-C
GCF_000293265.1,II-C
GCF_000293285.1,II-C
GCF_000293305.1,II-C
GCF_000293325.1,II-C
GCF_000293345.1,II-C
GCF_000293365.1,II-C
GCF_000293385.1,II-C
GCF_000293405.2,II-C
GCF_000293425.1,II-C
GCF_000293445.1,II-C
GCF_000293465.1,II-C
GCF_000327545.2,II-C
GCF_000327565.2,II-C
GCF_000327585.2,II-C
GCF_000327605.2,II-C
GCF_000327645.2,II-C
GCF_000327665.2,II-C
GCF_000327685.2,II-C
GCF_000327725.2,II-C
GCF_000327745.2,II-C
GCF_000327765.2,II-C
GCF_000327785.2,II-C
GCF_000327805.2,II-C
GCF_000327965.2,II-C
GCF_000327985.2,II-C
GCF_000328025.2,II-C
GCF_000328065.2,II-C
GCF_000328085.2,II-C
GCF_000328105.2,II-C
GCF_000328205.2,II-C
GCF_000328225.2,II-C
GCF_000328245.2,II-C
GCF_000334175.1,II-C
GCF_000386025.2,II-C
GCF_000386045.2,II-C
GCF_000386065.2,II-C
GCF_000386085.2,II-C
GCF_000386105.2,II-C
GCF_000386125.2,II-C
GCF_000386145.2,II-C
GCF_000386165.2,II-C
GCF_000386185.2,II-C
GCF_000386205.2,II-C
GCF_000386225.2,II-C
GCF_000386245.2,II-C
GCF_000386265.2,II-C
GCF_000386285.2,II-C
GCF_000386305.2,II-C
GCF_000386325.2,II-C
GCF_000386345.2,II-C
GCF_000386365.2,II-C
GCF_000386385.2,II-C
GCF_000386405.2,II-C
GCF_000386425.2,II-C
GCF_000386445.2,II-C
GCF_000386465.2,II-C
GCF_000386485.2,II-C
GCF_000386505.2,II-C
GCF_000386525.2,II-C
GCF_000386545.2,II-C
GCF_000386585.2,II-C
GCF_000386605.2,II-C
GCF_000386625.2,II-C
GCF_000386645.2,II-C
GCF_000386665.2,II-C
GCF_000386685.2,II-C
GCF_000386745.2,II-C
GCF_000386785.2,II-C
GCF_000386945.2,II-C
GCF_000386965.2,II-C
GCF_000387105.2,II-C
GCF_000387125.2,II-C
GCF_000387145.2,II-C
GCF_000387165.2,II-C
GCF_000387265.2,II-C
GCF_000387285.2,II-C
GCF_000387305.2,II-C
GCF_000392355.1,II-C
GCF_000392695.1,II-C
GCF_000392735.1,II-C
GCF_000413195.2,II-C
GCF_000413215.2,II-C
GCF_000413235.2,II-C
GCF_000448165.1,II-C
GCF_000471865.1,II-C
GCF_000626595.1,II-C
GCF_000763635.1,II-C
GCF_001592185.1,II-C
GCF_000255635.1,II-C
GCF_000283375.1,II-C
GCF_000455465.1,II-C
GCF_000469825.1,II-C
GCF_000469845.1,II-C
GCF_000469885.1,II-C
GCF_000469905.1,II-C
GCF_000469965.1,II-C
GCF_000470005.1,II-C
GCF_000470035.1,II-C
GCF_000470095.1,II-C
GCF_000470115.1,II-C
GCF_000470155.1,II-C
GCF_000470175.1,II-C
GCF_000470195.1,II-C
GCF_000470215.1,II-C
GCF_000470255.1,II-C
GCF_000470275.1,II-C
GCF_000470295.1,II-C
GCF_000470335.1,II-C
GCF_000470375.1,II-C
GCF_000470395.1,II-C
GCF_000470415.1,II-C
GCF_000470455.1,II-C
GCF_000470475.1,II-C
GCF_000470595.1,II-C
GCF_000470615.1,II-C
GCF_000470675.1,II-C
GCF_000477295.1,II-C
GCF_000477315.1,II-C
GCF_000477375.1,II-C
GCF_000751135.1,II-C
GCF_001050895.1,II-C
GCF_001408935.1,II-C
GCF_000153785.2,II-C
GCF_000318075.1,II-C
GCF_000348085.2,II-C
GCF_000812045.1,II-C
GCF_000519385.2,II-C
GCF_000707605.2,II-C
GCF_000307145.1,II-C
GCF_000739435.1,II-C
GCF_002081635.1,II-C
GCF_000191405.1,II-C
GCF_000210895.1,II-C
GCF_000731735.1,II-C
GCF_001027665.1,II-C
GCF_001956795.1,II-C
GCF_000771935.1,II-C
GCF_000379905.1,II-C
GCF_000730685.1,II-C
GCF_000025985.1,II-C
GCF_000210835.1,II-C
GCF_000273095.1,II-C
GCF_000273115.1,II-C
GCF_000598425.1,II-C
GCF_000598505.1,II-C
GCF_000598705.1,II-C
GCF_000598725.1,II-C
GCF_000598745.1,II-C
GCF_000599005.1,II-C
GCF_000599325.1,II-C
GCF_000273785.1,II-C
GCF_000699825.1,II-C
GCF_000699885.1,II-C
GCF_000307435.1,II-C
GCF_002206065.1,II-C
GCF_000025925.1,II-C
GCF_900107775.1,II-C
GCF_000162235.2,II-A
GCF_000163915.2,II-A
GCF_000455965.1,II-A
GCF_000013885.1,II-C
GCF_000423825.1,II-C
GCF_000240075.2,II-C
GCF_001534645.1,II-C
GCF_000189415.1,II-C
GCF_000174755.1,II-C
GCF_000023285.1,II-C
GCF_000183985.1,II-C
GCF_000277585.1,II-C
GCF_001057035.1,II-C
GCF_000173675.1,II-C
GCF_000013685.1,II-C
GCF_000515255.1,II-C
GCF_000166715.1,II-A
GCF_000298875.1,II-A
GCF_000709265.1,II-A
GCF_000146325.1,II-A
GCF_000163095.1,II-A
GCF_000235805.1,II-A
GCF_000319265.1,II-C
GCF_000380265.1,II-A
GCF_000526815.1,II-A
GCF_001294765.1,II-A
GCF_000496265.1,II-A
GCF_000221585.1,II-A
GCF_900109655.1,II-A
GCF_000518765.1,II-A
GCF_000361085.1,II-C
GCF_000314715.2,II-C
GCF_000816085.1,II-C
GCF_900183575.1,II-C
GCF_000477455.1,II-C
GCF_001188855.1,II-C
GCF_000017005.1,II-C
GCF_000215365.1,II-A
GCF_000257455.1,II-A
GCF_000257845.1,II-C
GCF_000287715.1,II-A
GCF_000344275.1,II-A
GCF_000382825.1,II-C
GCF_000722675.1,II-A
GCF_000960105.1,II-A
GCF_000253315.1,II-C
GCF_000188275.1,II-A
GCF_000191085.1,II-A
GCF_000192205.1,II-A
GCF_000212815.1,II-A
GCF_000204625.1,II-C
GCF_000231885.1,II-C
GCF_000231925.1,II-A
GCF_000440275.1,II-A
GCF_000440395.1,II-A
GCF_000440495.1,II-C
GCF_000440515.1,II-A
GCF_000440535.1,II-C
GCF_000440615.1,II-A
GCF_000440935.1,II-A
GCF_000441015.1,II-A
GCF_000441055.1,II-C
GCF_000441235.1,II-A
GCF_000441255.1,II-C
GCF_000441335.1,II-C
GCF_000441415.1,II-C
GCF_000471985.1,II-C
GCF_000478745.1,II-C
GCF_000011845.1,II-C
GCF_000014485.1,II-A
GCF_000253395.1,II-C
GCF_000521265.1,II-C
GCF_000698885.1,II-A
GCF_000836595.1,II-A
GCF_000971665.1,II-A
GCF_000228745.1,II-A
GCF_000228785.1,II-A
GCF_000228805.1,II-A
GCF_000228825.1,II-A
GCF_000228905.1,II-A
GCF_000228985.1,II-A
GCF_000229005.1,II-A
GCF_000229025.1,II-A
GCF_000229065.1,II-A
GCF_000229085.1,II-A
GCF_000229105.1,II-A
GCF_000229145.1,II-A
GCF_000229165.1,II-A
GCF_000229185.1,II-A
GCF_000229225.1,II-A
GCF_000229265.1,II-A
GCF_000229285.1,II-A
GCF_000229305.1,II-A
GCF_000229325.1,II-A
GCF_000229345.1,II-A
GCF_000229365.1,II-A
GCF_000229405.1,II-A
GCF_000229425.1,II-A
GCF_000229445.1,II-A
GCF_000229485.1,II-A
GCF_000229525.1,II-A
GCF_000229565.1,II-A
GCF_000229625.1,II-A
GCF_000229645.1,II-A
GCF_000229665.1,II-A
GCF_000229685.1,II-A
GCF_000229745.1,II-A
GCF_000229765.1,II-A
GCF_000229785.1,II-A
GCF_000229845.1,II-A
GCF_000229865.1,II-A
GCF_000229885.1,II-A
GCF_000229905.1,II-A
GCF_000230045.1,II-A
GCF_000230145.1,II-A
GCF_000230225.1,II-A
GCF_000339055.1,II-A
GCF_000339115.1,II-C
GCF_000339175.1,II-A
GCF_000339215.1,II-A
GCF_000339235.1,II-A
GCF_000339255.1,II-A
GCF_000339275.1,II-A
GCF_000339335.1,II-A
GCF_000339355.1,II-A
GCF_000339395.1,II-A
GCF_000339415.1,II-A
GCF_000339435.1,II-A
GCF_000339455.1,II-A
GCF_000339515.1,II-A
GCF_000339555.1,II-A
GCF_000339575.1,II-A
GCF_000339615.1,II-A
GCF_000339655.1,II-A
GCF_000339675.1,II-A
GCF_000339715.1,II-A
GCF_000339735.1,II-A
GCF_000339815.1,II-A
GCF_000339835.1,II-A
GCF_000339895.1,II-C
GCF_000339915.1,II-A
GCF_000339935.1,II-A
GCF_000339955.1,II-A
GCF_000339975.1,II-A
GCF_000339995.1,II-A
GCF_000340015.1,II-A
GCF_000340055.1,II-A
GCF_000340075.1,II-A
GCF_000340115.1,II-A
GCF_000340135.1,II-A
GCF_000340155.1,II-A
GCF_000347795.1,II-A
GCF_000347835.1,II-A
GCF_000347855.1,II-A
GCF_000347895.1,II-A
GCF_000375505.1,II-A
GCF_000522565.1,II-A
GCF_000522605.1,II-A
GCF_000522665.1,II-A
GCF_000522685.1,II-A
GCF_000522705.1,II-C
GCF_000522725.1,II-A
GCF_000522745.1,II-A
GCF_000522765.1,II-A
GCF_000522805.2,II-A
GCF_000522825.1,II-A
GCF_000522845.1,II-C
GCF_000522865.1,II-A
GCF_000522885.1,II-C
GCF_000522945.1,II-A
GCF_000228185.1,II-C
GCF_000228205.1,II-A
GCF_000228385.1,II-A
GCF_000012705.1,II-A
GCF_000167735.1,II-A
GCF_000167755.1,II-A
GCF_000186445.1,II-A
GCF_000196055.1,II-A
GCF_000264975.1,II-A
GCF_000287955.1,II-A
GCF_000287975.1,II-A
GCF_000287995.1,II-A
GCF_000288015.1,II-A
GCF_000288035.1,II-A
GCF_000288055.1,II-A
GCF_000288075.1,II-A
GCF_000288095.1,II-A
GCF_000288115.1,II-A
GCF_000288135.1,II-A
GCF_000288155.1,II-A
GCF_000288175.1,II-A
GCF_000288195.1,II-A
GCF_000288215.1,II-A
GCF_000288235.1,II-A
GCF_000288255.1,II-A
GCF_000288295.1,II-A
GCF_000288335.1,II-A
GCF_000288355.1,II-A
GCF_000288375.1,II-A
GCF_000288395.1,II-A
GCF_000288415.1,II-A
GCF_000288435.1,II-A
GCF_000288455.1,II-A
GCF_000288475.1,II-A
GCF_000288495.1,II-A
GCF_000288515.1,II-A
GCF_000288535.1,II-A
GCF_000288555.1,II-A
GCF_000288575.1,II-A
GCF_000288595.1,II-A
GCF_000288615.1,II-A
GCF_000288635.1,II-A
GCF_000288655.1,II-A
GCF_000288675.1,II-A
GCF_000288695.1,II-A
GCF_000288715.1,II-A
GCF_000288735.1,II-A
GCF_000288755.1,II-A
GCF_000288775.1,II-A
GCF_000288795.1,II-A
GCF_000288815.1,II-A
GCF_000288855.1,II-A
GCF_000288875.1,II-A
GCF_000288895.1,II-A
GCF_000288915.1,II-A
GCF_000288935.1,II-A
GCF_000288975.1,II-A
GCF_000288995.1,II-A
GCF_000289015.1,II-A
GCF_000289055.1,II-A
GCF_000289075.1,II-A
GCF_000289095.1,II-A
GCF_000289155.1,II-A
GCF_000289175.1,II-A
GCF_000289195.1,II-A
GCF_000289215.1,II-A
GCF_000289235.1,II-A
GCF_000289255.1,II-A
GCF_000289275.1,II-A
GCF_000289315.1,II-A
GCF_000289335.1,II-A
GCF_000289355.1,II-A
GCF_000289375.1,II-A
GCF_000289395.1,II-A
GCF_000289415.1,II-A
GCF_000289435.1,II-A
GCF_000289455.1,II-A
GCF_000289475.1,II-A
GCF_000289495.1,II-A
GCF_000289515.1,II-A
GCF_000289555.1,II-A
GCF_000289575.1,II-A
GCF_000289595.1,II-A
GCF_000289615.1,II-C
GCF_000289635.1,II-A
GCF_000289655.1,II-A
GCF_000289675.1,II-A
GCF_000289695.1,II-A
GCF_000289715.1,II-A
GCF_000289735.1,II-A
GCF_000289755.1,II-A
GCF_000289775.1,II-A
GCF_000289795.1,II-A
GCF_000289815.1,II-A
GCF_000289835.1,II-A
GCF_000289855.1,II-A
GCF_000289875.1,II-A
GCF_000289895.1,II-A
GCF_000289915.1,II-A
GCF_000289935.1,II-A
GCF_000289955.1,II-A
GCF_000289975.1,II-A
GCF_000289995.1,II-A
GCF_000290035.1,II-A
GCF_000290055.1,II-A
GCF_000290075.1,II-A
GCF_000290095.1,II-A
GCF_000290115.1,II-A
GCF_000290135.1,II-A
GCF_000290175.1,II-A
GCF_000290195.1,II-A
GCF_000290215.1,II-A
GCF_000290235.1,II-A
GCF_000290255.1,II-A
GCF_000290275.1,II-A
GCF_000290295.1,II-A
GCF_000290315.1,II-A
GCF_000290335.1,II-A
GCF_000290355.1,II-A
GCF_000290375.1,II-A
GCF_000290395.1,II-A
GCF_000290415.1,II-A
GCF_000290435.1,II-A
GCF_000290475.1,II-A
GCF_000290495.1,II-A
GCF_000290515.1,II-A
GCF_000291585.1,II-A
GCF_000299135.1,II-A
GCF_000310265.1,II-A
GCF_000310285.1,II-A
GCF_000310305.1,II-A
GCF_000310325.1,II-A
GCF_000310345.1,II-A
GCF_000310365.1,II-A
GCF_000310385.1,II-A
GCF_000310405.1,II-A
GCF_000310425.1,II-A
GCF_000310445.1,II-A
GCF_000310465.1,II-A
GCF_000310485.1,II-A
GCF_000310505.1,II-A
GCF_000310525.1,II-A
GCF_000310545.1,II-A
GCF_000310565.1,II-A
GCF_000310585.1,II-A
GCF_000310605.1,II-A
GCF_000310625.1,II-A
GCF_000310665.1,II-A
GCF_000310685.1,II-A
GCF_000310705.1,II-A
GCF_000310725.1,II-A
GCF_000310745.1,II-A
GCF_000310785.1,II-A
GCF_000310805.1,II-A
GCF_000310825.1,II-A
GCF_000310845.1,II-A
GCF_000310865.1,II-A
GCF_000310885.1,II-A
GCF_000310905.1,II-A
GCF_000310925.1,II-A
GCF_000310945.1,II-A
GCF_000310965.1,II-A
GCF_000310985.1,II-A
GCF_000311005.1,II-A
GCF_000311025.1,II-A
GCF_000311045.1,II-A
GCF_000311065.1,II-A
GCF_000311085.1,II-A
GCF_000311105.1,II-A
GCF_000311125.1,II-A
GCF_000311145.1,II-A
GCF_000311165.1,II-A
GCF_000311185.1,II-A
GCF_000311205.1,II-A
GCF_000311225.1,II-A
GCF_000311245.1,II-A
GCF_000311265.1,II-A
GCF_000311305.1,II-A
GCF_000311325.1,II-A
GCF_000311345.1,II-A
GCF_000311365.1,II-A
GCF_000311385.1,II-A
GCF_000311405.1,II-A
GCF_000311425.1,II-A
GCF_000311445.1,II-A
GCF_000311465.1,II-A
GCF_000311485.1,II-A
GCF_000311505.1,II-A
GCF_000311525.1,II-A
GCF_000311545.1,II-A
GCF_000311565.1,II-A
GCF_000311585.1,II-A
GCF_000311605.1,II-A
GCF_000311625.1,II-A
GCF_000311645.1,II-A
GCF_000311665.1,II-A
GCF_000311685.1,II-A
GCF_000311705.1,II-A
GCF_000322485.1,II-A
GCF_000322505.1,II-A
GCF_000322525.1,II-A
GCF_000322545.1,II-A
GCF_000322565.1,II-A
GCF_000322585.1,II-A
GCF_000322605.1,II-A
GCF_000322625.1,II-A
GCF_000322645.1,II-A
GCF_000322665.1,II-A
GCF_000322685.1,II-A
GCF_000322705.1,II-A
GCF_000322725.1,II-A
GCF_000322745.1,II-A
GCF_000322805.1,II-A
GCF_000322825.1,II-A
GCF_000322845.1,II-A
GCF_000322865.1,II-A
GCF_000322885.1,II-A
GCF_000322905.1,II-A
GCF_000322925.1,II-A
GCF_000322945.1,II-A
GCF_000322965.1,II-A
GCF_000322985.1,II-A
GCF_000323005.1,II-A
GCF_000323025.1,II-A
GCF_000323045.1,II-A
GCF_000323085.1,II-A
GCF_000323105.1,II-A
GCF_000323125.1,II-A
GCF_000323145.1,II-A
GCF_000323165.1,II-A
GCF_000347415.1,II-A
GCF_000347435.1,II-A
GCF_000372605.1,II-A
GCF_000419055.2,II-A
GCF_000419075.2,II-A
GCF_000419095.2,II-A
GCF_000419115.2,II-A
GCF_000419135.2,II-A
GCF_000419155.2,II-A
GCF_000419175.2,II-A
GCF_000419195.2,II-A
GCF_000419215.1,II-A
GCF_000419235.1,II-A
GCF_000419255.1,II-A
GCF_000427035.1,II-A
GCF_000454745.1,II-A
GCF_000454765.1,II-A
GCF_000454785.1,II-A
GCF_000454805.1,II-A
GCF_000454825.1,II-A
GCF_000454845.1,II-A
GCF_000454865.1,II-A
GCF_000454885.1,II-A
GCF_000454905.1,II-A
GCF_000454925.1,II-A
GCF_000454945.1,II-A
GCF_000454965.1,II-A
GCF_000454985.1,II-A
GCF_000455005.1,II-A
GCF_000455025.1,II-A
GCF_000455045.1,II-A
GCF_000455065.1,II-A
GCF_000455085.1,II-A
GCF_000455105.1,II-A
GCF_000510405.1,II-A
GCF_000689235.1,II-A
GCF_000714695.1,II-A
GCF_000782855.1,II-A
GCF_001880505.1,II-A
GCF_000007425.1,II-A
GCF_000011285.1,II-A
GCF_000011765.3,II-A
GCF_000013485.1,II-A
GCF_000250905.1,II-A
GCF_000250925.1,II-A
GCF_000275625.1,II-A
GCF_000290595.1,II-A
GCF_000307535.1,II-A
GCF_000349925.2,II-A
GCF_000483625.1,II-A
GCF_000498895.2,II-A
GCF_000628025.1,II-A
GCF_000628045.1,II-A
GCF_000628065.1,II-A
GCF_000628085.1,II-A
GCF_000628105.1,II-A
GCF_000628125.1,II-A
GCF_000628145.1,II-A
GCF_000628165.1,II-A
GCF_000628185.1,II-A
GCF_000628205.1,II-A
GCF_000628225.1,II-A
GCF_000628245.1,II-A
GCF_000628265.1,II-A
GCF_000628285.1,II-A
GCF_000628305.1,II-A
GCF_000628325.1,II-A
GCF_000628345.1,II-A
GCF_000628365.1,II-A
GCF_000628385.1,II-A
GCF_000628405.1,II-A
GCF_000628425.1,II-A
GCF_000628445.1,II-A
GCF_000628465.1,II-A
GCF_000628485.1,II-A
GCF_000628505.1,II-A
GCF_000628525.1,II-A
GCF_000628545.1,II-A
GCF_000628565.1,II-A
GCF_000628585.1,II-A
GCF_000628605.1,II-A
GCF_000628625.1,II-A
GCF_000628665.1,II-A
GCF_000628705.1,II-A
GCF_000628745.1,II-A
GCF_000628765.1,II-A
GCF_000628785.1,II-A
GCF_000628805.1,II-A
GCF_000628825.1,II-A
GCF_000628845.1,II-A
GCF_000628865.1,II-A
GCF_000628885.1,II-A
GCF_000629625.1,II-A
GCF_000629645.1,II-A
GCF_000629665.1,II-A
GCF_000629685.1,II-A
GCF_000629705.1,II-A
GCF_000629725.1,II-A
GCF_000629765.1,II-A
GCF_000629785.1,II-A
GCF_000629805.1,II-A
GCF_000629825.1,II-A
GCF_000629845.1,II-A
GCF_000629865.1,II-A
GCF_000629925.1,II-A
GCF_000629945.1,II-A
GCF_000629965.1,II-A
GCF_000629985.1,II-A
GCF_000630005.1,II-A
GCF_000630025.1,II-A
GCF_000630065.1,II-A
GCF_000630085.1,II-A
GCF_000630185.1,II-A
GCF_000630225.1,II-A
GCF_000630245.1,II-A
GCF_000630265.1,II-A
GCF_000630285.1,II-A
GCF_000630325.1,II-A
GCF_000630345.1,II-A
GCF_000630365.1,II-A
GCF_000630405.1,II-A
GCF_000630445.1,II-A
GCF_000630485.1,II-A
GCF_000630505.1,II-A
GCF_000630525.1,II-A
GCF_000630545.1,II-A
GCF_000630565.1,II-A
GCF_000630605.1,II-A
GCF_000630685.1,II-A
GCF_000630705.1,II-A
GCF_000630725.1,II-A
GCF_000630745.1,II-A
GCF_000630765.1,II-A
GCF_000630785.1,II-A
GCF_000630805.1,II-A
GCF_000630825.1,II-A
GCF_000630845.1,II-A
GCF_000630865.1,II-A
GCF_000630885.1,II-A
GCF_000630905.1,II-A
GCF_000630925.1,II-A
GCF_000630945.1,II-A
GCF_000630965.1,II-A
GCF_000630985.1,II-A
GCF_000631005.1,II-A
GCF_000631025.1,II-A
GCF_000631045.1,II-A
GCF_000631065.1,II-A
GCF_000631085.1,II-A
GCF_000631105.1,II-A
GCF_000631125.1,II-A
GCF_000631145.1,II-A
GCF_000631165.1,II-A
GCF_000631185.1,II-A
GCF_000631205.1,II-A
GCF_000631225.1,II-A
GCF_000631245.1,II-A
GCF_000631265.1,II-A
GCF_000631285.1,II-A
GCF_000631305.1,II-A
GCF_000631325.1,II-A
GCF_000631345.1,II-A
GCF_000631365.1,II-A
GCF_000631405.1,II-A
GCF_000631425.1,II-A
GCF_000631445.1,II-A
GCF_000631465.1,II-A
GCF_000631545.1,II-A
GCF_000631605.1,II-A
GCF_000631625.1,II-A
GCF_000631645.1,II-A
GCF_000631685.1,II-A
GCF_000631705.1,II-A
GCF_000631725.1,II-A
GCF_000631745.1,II-A
GCF_000631765.1,II-A
GCF_000631825.1,II-A
GCF_000631885.1,II-A
GCF_000631905.1,II-A
GCF_000648715.1,II-A
GCF_000648775.1,II-A
GCF_000648795.1,II-A
GCF_000648815.1,II-A
GCF_000648835.2,II-A
GCF_000732345.1,II-A
GCF_000732425.1,II-A
GCF_000758085.1,II-A
GCF_000260695.1,II-C
GCF_000184365.1,II-A
GCF_000186545.1,II-C
GCF_000214555.1,II-A
GCF_000287595.1,II-A
GCF_000463465.1,II-C
GCF_000831165.1,II-A
GCF_000010705.1,II-A
GCF_000214575.1,II-A
GCF_000221105.1,II-A
GCF_000146405.1,II-A
GCF_000187265.1,II-A
GCF_000702105.1,II-C
GCF_000747195.1,II-A
GCF_000747205.1,II-C
GCF_000445225.2,II-A
GCF_000706805.1,II-A
GCF_000876305.1,II-A
GCF_000463355.1,II-C
GCF_000187995.2,II-A
GCF_000180075.1,II-C
GCF_000188295.1,II-C
GCF_001068405.1,II-C
GCF_000300915.1,II-A
GCF_000320965.2,II-A
GCF_000831485.1,II-A
GCF_000342505.1,II-A
GCF_000785785.1,II-A
GCF_000975325.1,II-C
GCF_000975445.1,II-C
GCF_000975495.1,II-C
GCF_000147215.1,II-A
GCF_000147275.1,II-A
GCF_000147295.1,II-A
GCF_000147475.1,II-C
GCF_000147515.1,II-A
GCF_000147535.1,II-A
GCF_000147595.1,II-A
GCF_000147925.1,II-A
GCF_000148245.1,II-C
GCF_000148265.1,II-A
GCF_000157195.1,II-A
GCF_000157235.1,II-A
GCF_000157395.1,II-A
GCF_000157415.1,II-C
GCF_000157455.1,II-A
GCF_000157475.1,II-C
GCF_000157515.1,II-A
GCF_000159655.1,II-A
GCF_000172575.2,II-A
GCF_000281195.1,II-A
GCF_000293985.2,II-A
GCF_000294325.2,II-C
GCF_000320305.1,II-A
GCF_000320325.1,II-A
GCF_000390645.1,II-A
GCF_000390665.1,II-C
GCF_000390685.1,II-A
GCF_000390725.1,II-C
GCF_000390745.1,II-A
GCF_000390765.1,II-A
GCF_000390785.1,II-C
GCF_000390805.1,II-A
GCF_000390825.1,II-A
GCF_000390845.1,II-A
GCF_000390865.1,II-A
GCF_000390905.1,II-A
GCF_000390925.1,II-A
GCF_000391265.1,II-C
GCF_000392855.1,II-A
GCF_000392895.1,II-C
GCF_000392915.1,II-C
GCF_000392935.1,II-C
GCF_000392975.1,II-A
GCF_000393195.1,II-A
GCF_000393315.1,II-A
GCF_000393395.1,II-A
GCF_000393495.1,II-A
GCF_000393515.1,II-A
GCF_000393535.1,II-A
GCF_000393555.1,II-A
GCF_000393575.1,II-A
GCF_000394375.1,II-A
GCF_000394395.1,II-A
GCF_000394975.1,II-A
GCF_000394995.1,II-A
GCF_000395035.1,II-A
GCF_000395175.1,II-A
GCF_000395205.1,II-A
GCF_000395245.1,II-A
GCF_000395265.1,II-A
GCF_000395285.1,II-A
GCF_000395305.1,II-A
GCF_000395385.1,II-A
GCF_000396065.1,II-C
GCF_000396865.1,II-A
GCF_000396905.1,II-A
GCF_000414985.1,II-C
GCF_000415165.1,II-A
GCF_000415225.1,II-C
GCF_000415385.2,II-A
GCF_000415405.1,II-A
GCF_000415445.2,II-C
GCF_000479085.1,II-A
GCF_000519425.1,II-C
GCF_000519445.1,II-A
GCF_000519465.1,II-A
GCF_000519485.1,II-A
GCF_000519505.1,II-A
GCF_000519525.1,II-A
GCF_000519545.1,II-A
GCF_000519565.1,II-C
GCF_000519585.1,II-A
GCF_000519625.1,II-A
GCF_000519665.1,II-A
GCF_000519685.1,II-A
GCF_000519705.1,II-A
GCF_000519725.1,II-A
GCF_000519785.1,II-A
GCF_000519805.1,II-C
GCF_000519825.1,II-C
GCF_000519845.1,II-A
GCF_000519885.1,II-A
GCF_000519905.1,II-A
GCF_000519945.1,II-A
GCF_000648015.1,II-A
GCF_000739195.1,II-A
GCF_000157575.1,II-A
GCF_000157615.1,II-A
GCF_000157635.1,II-A
GCF_000159675.1,II-A
GCF_000178235.1,II-A
GCF_000294345.2,II-A
GCF_000321665.1,II-A
GCF_000321865.1,II-A
GCF_000322265.1,II-A
GCF_000322305.1,II-A
GCF_000415325.2,II-A
GCF_000271405.2,II-A
GCF_000391765.1,II-A
GCF_000699565.1,II-A
GCF_002212045.1,II-A
GCF_002213305.1,II-A
GCF_002213325.1,II-A
GCF_002213345.1,II-A
GCF_002213365.1,II-A
GCF_002213385.1,II-A
GCF_000173915.1,II-A
GCF_000204355.1,II-A
GCF_001553035.1,II-A
GCF_000161175.1,II-C
GCF_000293505.1,II-C
GCF_000293745.1,II-C
GCF_000399325.1,II-C
GCF_000399405.1,II-C
GCF_000705495.1,II-C
GCF_001277805.1,II-C
GCF_000190515.1,II-C
GCF_002146505.1,II-C
GCF_002146605.1,II-C
GCF_002146655.1,II-C
GCF_002146725.1,II-C
GCF_002146815.1,II-C
GCF_002146975.1,II-C
GCF_002148015.1,II-C
GCF_002148065.1,II-C
GCF_000171135.1,II-C
GCF_000172455.1,II-C
GCF_000159175.1,II-A
GCF_000474675.1,II-A
GCF_000159195.1,II-A
GCF_000211375.1,II-A
GCF_001434735.1,II-A
GCF_000019245.4,II-A
GCF_000026485.1,II-A
GCF_000194765.1,II-A
GCF_000194785.1,II-A
GCF_000309645.1,II-A
GCF_000309665.1,II-A
GCF_000309685.1,II-A
GCF_000309705.1,II-A
GCF_000309725.1,II-A
GCF_000309745.1,II-C
GCF_000309765.1,II-A
GCF_000318035.1,II-A
GCF_000388095.2,II-A
GCF_000400585.1,II-A
GCF_000418515.1,II-A
GCF_000474615.1,II-A
GCF_000191165.1,II-A
GCF_000387565.1,II-A
GCF_000409675.1,II-A
GCF_001188985.1,II-C
GCF_000338115.2,II-A
GCF_000687495.1,II-A
GCF_000143645.1,II-A
GCF_000406345.2,II-A
GCF_000155515.2,II-A
GCF_000409835.1,II-A
GCF_000409875.1,II-A
GCF_000409955.1,II-A
GCF_000410055.1,II-A
GCF_000410095.1,II-A
GCF_000410135.1,II-A
GCF_000410155.1,II-C
GCF_000410175.1,II-A
GCF_000410195.1,II-A
GCF_000410335.1,II-A
GCF_000410415.1,II-A
GCF_000410435.1,II-A
GCF_000958485.1,II-C
GCF_000958505.1,II-A
GCF_000958525.1,II-A
GCF_000179435.1,II-A
GCF_000439275.1,II-A
GCF_001435715.1,II-A
GCF_000183825.1,II-A
GCF_000166795.1,II-A
GCF_001742375.1,II-A
GCF_000184535.1,II-A
GCF_001485255.1,II-C
GCF_000159215.1,II-A
GCF_000162395.1,II-A
GCF_000814735.1,II-A
GCF_000420365.1,II-A
GCF_001438705.1,II-A
GCF_001437155.1,II-C
GCF_000159375.2,II-A
GCF_001008745.1,II-A
GCF_000008925.1,II-A
GCF_000143435.1,II-A
GCF_000179475.1,II-A
GCF_000260335.1,II-A
GCF_001436035.1,II-A
GCF_000621925.1,II-A
GCF_000702065.1,II-A
GCF_900103115.1,II-A
GCF_000185045.1,II-A
GCF_001047095.1,II-A
GCF_000763475.1,II-A
GCF_900106685.1,II-A
GCF_000168395.1,II-A
GCF_000168415.1,II-A
GCF_000168515.1,II-A
GCF_000168535.1,II-A
GCF_000168555.1,II-A
GCF_000168615.1,II-A
GCF_000168635.2,II-A
GCF_000168655.1,II-A
GCF_000168695.2,II-A
GCF_000197755.2,II-A
GCF_000250715.1,II-A
GCF_000306905.1,II-A
GCF_000307045.1,II-A
GCF_000438585.1,II-A
GCF_000568475.1,II-A
GCF_000577745.1,II-A
GCF_000582845.1,II-A
GCF_000585795.1,II-A
GCF_000585855.1,II-A
GCF_000626575.1,II-A
GCF_000689475.1,II-A
GCF_000743465.1,II-A
GCF_000801385.1,II-A
GCF_000801395.1,II-A
GCF_000801475.1,II-A
GCF_000801485.1,II-A
GCF_000801555.1,II-A
GCF_000801575.1,II-A
GCF_002213845.1,II-A
GCF_002213865.1,II-A
GCF_002214125.1,II-A
GCF_002214145.1,II-A
GCF_000183945.1,II-A
GCF_000195795.1,II-A
GCF_000164965.1,II-A
GCF_000300215.1,II-A
GCF_000195815.1,II-C
GCF_000241875.1,II-C
GCF_000241935.1,II-C
GCF_000255155.1,II-C
GCF_000255255.1,II-C
GCF_000263415.1,II-C
GCF_000455785.1,II-C
GCF_001026805.1,II-C
GCF_002200985.1,II-C
GCF_000367785.1,II-C
GCF_000428625.1,II-C
GCF_001547975.1,II-C
GCF_000025365.1,II-C
GCF_000025385.1,II-C
GCF_000092585.1,II-C
GCF_000211545.4,II-C
GCF_000286755.1,II-C
GCF_000428645.1,II-C
GCF_001676495.1,II-C
GCF_000008245.1,II-C
GCF_000385095.1,II-C
GCF_000020065.1,II-C
GCF_000227355.1,II-C
GCF_000008365.1,II-C
GCF_000485555.1,II-C
GCF_000500935.1,II-C
GCF_000517365.1,II-C
GCF_000439435.1,II-C
GCF_000414525.1,II-C
GCF_000414625.1,II-C
GCF_000414685.1,II-C
GCF_000023785.1,II-C
GCF_900163795.1,II-A
GCF_000744185.1,II-C
GCF_000620985.1,II-A
GCF_000525915.1,II-A
GCF_001552295.1,II-C
GCF_000185485.1,II-C
GCF_001546615.1,II-C
GCF_000146585.1,II-C
GCF_000148505.1,II-A
GCF_000805355.1,II-A
GCF_001435495.1,II-A
GCF_000621945.1,II-A
GCF_000185605.1,II-C
GCF_000177315.1,II-C
GCF_000759045.1,II-C
GCF_000759165.1,II-C
GCF_000759245.1,II-C
GCF_001065995.1,II-C
GCF_000177075.1,II-C
GCF_000759265.1,II-C
GCF_001546595.1,II-C
GCF_000467875.1,II-C
GCF_000261025.1,II-C
GCF_000439065.1,II-C
GCF_001548195.1,II-C
GCF_000163035.1,II-C
GCF_000336235.1,II-C
GCF_002204475.1,II-C
GCF_000185145.2,II-C
GCF_000413355.1,II-C
GCF_000507905.1,II-C
GCF_900129435.1,II-C
GCF_000613785.1,II-C
GCF_000162935.1,II-C
GCF_000377625.1,II-C
GCF_000427365.1,II-C
GCF_000220625.1,II-C
GCF_000827575.1,II-C
GCF_000379185.1,II-C
GCF_001572925.1,II-C
GCF_002050515.1,II-C
GCF_000185645.1,II-C
GCF_000245815.1,II-A
GCF_002005795.1,II-A
GCF_000177435.1,II-A
GCF_000611675.1,II-C
GCF_001662485.1,II-C
GCF_000258925.1,II-C
GCF_000258945.1,II-C
GCF_000258965.1,II-C
GCF_000258985.1,II-C
GCF_000259005.1,II-C
GCF_000988065.1,II-C
GCF_000691265.1,II-C
GCF_000518305.1,II-C
GCF_000218525.1,II-C
GCF_000590415.1,II-C
GCF_000753815.1,II-C
GCF_001714895.1,II-C
GCF_001715085.1,II-C
GCF_000159095.1,II-A
GCF_001546165.1,II-A
GCF_000204985.1,II-A
GCF_001572665.1,II-A
GCF_000297375.1,II-A
GCF_000686505.1,II-A
GCF_002072475.1,II-C
GCF_000191565.1,II-C
GCF_000295655.1,II-C
GCF_000734055.1,II-C
GCF_000024565.1,II-C
GCF_001655815.1,II-C
GCF_000466825.2,II-C
GCF_000968055.1,II-C
GCF_000210615.1,II-C
GCF_000469345.1,II-A
GCF_000020605.1,II-C
GCF_000153885.1,II-C
GCF_001717505.1,II-A
GCF_002208825.1,II-C
GCF_000318215.2,II-C
GCF_000565015.1,II-C
GCF_001046955.1,II-C
GCF_000024065.1,II-C
GCF_002209145.1,II-C
GCF_000158635.1,II-C
GCF_001544295.1,II-A
GCF_000379745.1,II-C
GCF_001020435.1,II-A
GCF_000406945.1,II-C
GCF_001886105.1,II-C
GCF_900106575.1,II-C
GCF_000367445.1,II-C
GCF_000494875.1,II-C
GCF_000147835.2,II-C
GCF_000169015.1,II-C
GCF_000011045.1,II-A
GCF_000173255.4,II-A
GCF_000235785.1,II-A
GCF_000235865.1,II-A
GCF_000418475.1,II-A
GCF_000712505.1,II-A
GCF_000712515.1,II-A
GCF_000735255.1,II-A
GCF_000160515.1,II-A
GCF_000176975.2,II-A
GCF_000177575.1,II-A
GCF_000301115.1,II-A
GCF_000301135.1,II-A
GCF_000175195.1,II-C
GCF_000413055.1,II-C
GCF_000284835.1,II-C
GCF_000962875.1,II-A
GCF_001437255.1,II-A
GCF_001267395.1,II-A
GCF_000504125.1,II-A
GCF_001311115.1,II-A
GCF_001702115.1,II-A
GCF_001640785.1,II-A
GCF_000153485.2,II-C
GCF_000283635.1,II-C
GCF_000710665.1,II-C
GCF_000687535.1,II-C
GCF_900143185.1,II-C
GCF_001436415.1,II-A
GCF_900142695.1,II-C
GCF_001447195.1,II-C
GCF_000519045.1,II-C
GCF_001247715.1,II-C
GCF_000159995.1,II-C
GCF_900102165.1,II-C
GCF_900119145.1,II-C
GCF_000765765.1,II-C
GCF_000424605.1,II-C
GCF_000741615.1,II-A
GCF_000770945.1,II-A
GCF_000701785.1,II-C
GCF_001038565.1,II-C
GCF_000472665.1,II-C
GCF_000621545.1,II-C
GCF_000803025.1,II-C
GCF_900141865.1,II-C
GCF_000380125.1,II-A
GCF_000763035.1,II-C
GCF_000469465.1,II-A
GCF_000941075.1,II-C
GCF_000154065.1,II-A
GCF_000424345.1,II-A
GCF_000294675.1,II-C
GCF_900107035.1,II-C
GCF_000759065.1,II-C
GCF_001056285.1,II-C
GCF_000620005.1,II-C
GCF_000304395.1,II-C
GCF_000269905.1,II-C
GCF_000518225.1,II-C
GCF_000333275.1,II-C
GCF_000064305.2,II-C
GCF_000739395.1,II-C
GCF_000754365.1,II-C
GCF_000248095.2,II-A
GCF_000766905.1,II-C
GCF_000425505.1,II-C
GCF_000333295.1,II-C
GCF_001405495.1,II-A
GCF_000186945.2,II-A
GCF_000154985.1,II-C
GCF_000246835.1,II-A
GCF_001477615.1,II-C
GCF_000509405.1,II-C
GCF_000155915.2,II-A
GCF_000159335.1,II-A
GCF_000161895.2,II-A
GCF_000162335.1,II-A
GCF_000162435.1,II-A
GCF_000175035.1,II-A
GCF_000466805.1,II-A
GCF_001012655.1,II-A
GCF_001012675.1,II-A
GCF_001012735.1,II-A
GCF_001012745.1,II-A
GCF_001436455.1,II-A
GCF_001742045.1,II-A
GCF_900156585.1,II-C
GCF_000393935.1,II-A
GCF_002077435.1,II-C
GCF_001547755.1,II-C
GCF_001438725.1,II-A
GCF_000380105.1,II-C
GCF_000686585.1,II-C
GCF_000425905.1,II-A
GCF_000772915.1,II-A
GCF_001302265.1,II-A
GCF_002015125.1,II-C
GCF_000155455.1,II-C
GCF_000621025.1,II-C
GCF_000971055.1,II-C
GCF_000143845.1,II-A
GCF_000765745.1,II-C
GCF_000468755.1,II-A
GCF_900067125.1,II-C
GCF_000622065.1,II-A
GCF_900142975.1,II-C
GCF_000149065.1,II-A
GCF_000149085.1,II-A
GCF_000149145.1,II-A
GCF_001886195.1,II-A
GCF_000441535.1,II-A
GCF_001578785.1,II-A
GCF_000425665.1,II-A
GCF_000212915.1,II-C
GCF_001437335.1,II-C
GCF_002157585.1,II-A
GCF_000426725.1,II-C
GCF_000775915.1,II-C
GCF_000394035.1,II-A
GCF_001886115.1,II-A
GCF_001936115.1,II-C
GCF_900067155.1,II-C
GCF_001047075.1,II-A
GCF_000264415.1,II-C
GCF_000766885.1,II-C
GCF_000615805.1,II-A
GCF_001406435.1,II-C
GCF_001434275.1,II-A
GCF_000165505.1,II-C
GCF_000423005.1,II-C
GCF_000328725.1,II-C
GCF_000301035.1,II-C
GCF_000179015.2,II-C
GCF_001434255.1,II-A
GCF_000425365.1,II-C
GCF_000424465.1,II-A
GCF_900143205.1,II-A
GCF_000425045.1,II-A
GCF_001590605.1,II-C
GCF_000758725.1,II-C
GCF_000428485.1,II-C
GCF_000194605.1,II-C
GCF_900141855.1,II-C
GCF_000260455.1,II-A
GCF_000378765.1,II-C
GCF_000270165.1,II-C
GCF_000826225.1,II-A
GCF_900168775.1,II-C
GCF_000987835.1,II-C
GCF_002209445.1,II-C
GCF_000272445.2,II-C
GCF_900129205.1,II-C
GCF_001544375.1,II-A
GCF_900142325.1,II-C
GCF_001715535.1,II-C
GCF_000400955.1,II-C
GCF_001262715.1,II-C
GCF_001047115.1,II-A
GCF_000154725.1,II-C
GCF_001693335.1,II-C
GCF_900167025.1,II-C
GCF_000247775.1,II-A
GCF_001434365.1,II-A
GCF_001434335.1,II-A
GCF_900111075.1,II-C
GCF_900129585.1,II-C
GCF_000269605.1,II-A
GCF_000423725.1,II-A
GCF_000265405.1,II-C
GCF_000737665.1,II-C
GCF_001747495.1,II-C
GCF_000160635.1,II-A
GCF_001434665.1,II-C
GCF_000255495.1,II-C
GCF_000255515.1,II-C
GCF_002150685.1,II-C
GCF_001575195.1,II-C
GCF_001311135.1,II-A
GCF_000423145.1,II-A
GCF_000382265.1,II-C
GCF_001318345.1,II-C
GCF_000487995.1,II-C
GCF_001637185.1,II-C
GCF_000425025.1,II-A
GCF_001998805.1,II-C
GCF_000017565.1,II-C
GCF_001302565.1,II-C
GCF_001591025.1,II-C
GCF_000194925.1,II-C
GCF_000380045.1,II-C
GCF_000429585.1,II-C
GCF_000430665.1,II-C
GCF_900129705.1,II-C
GCF_001551835.1,II-C
GCF_000189495.1,II-C
GCF_001622945.1,II-C
GCF_900177515.1,II-C
GCF_001435835.1,II-A
GCF_000015165.1,II-C
GCF_000739995.1,II-C
GCF_000273175.1,II-C
GCF_001434315.1,II-A
GCF_900156575.1,II-C
GCF_000313915.1,II-C
GCF_000970735.1,II-C
GCF_000425885.1,II-C
GCF_000426585.1,II-C
GCF_001435815.1,II-C
GCF_000615885.1,II-A
GCF_000737765.1,II-C
GCF_000521485.1,II-C
GCF_000466505.1,II-C
GCF_000511775.1,II-C
GCF_000341525.1,II-A
GCF_000380065.1,II-A
GCF_001029265.1,II-C
GCF_002028345.1,II-C
GCF_000027185.1,II-A
GCF_000146525.1,II-A
GCF_000203195.1,II-A
GCF_000270145.1,II-A
GCF_000723985.1,II-A
GCF_000949245.1,II-A
GCF_002000985.1,II-A
GCF_000012505.1,II-C
GCF_001885905.1,II-A
GCF_001458175.1,II-C
GCF_000372405.1,II-C
GCF_000702165.1,II-A
GCF_900108995.1,II-C
GCF_000210575.1,II-C
GCF_001437075.1,II-A
GCF_000787375.1,II-C
GCF_000241055.1,II-A
GCF_001752505.1,II-A
GCF_000312305.1,II-C
GCF_000805695.1,II-C
GCF_000422705.1,II-C
GCF_001507325.1,II-C
GCF_001306415.1,II-C
GCF_000373245.1,II-C
GCF_000425425.1,II-C
GCF_001404975.1,II-C
GCF_000430025.1,II-C
GCF_000156075.1,II-C
GCF_000383435.1,II-A
GCF_001437515.1,II-A
GCF_000235885.1,II-C
GCF_001447355.1,II-C
GCF_000423405.1,II-C
GCF_900176325.1,II-C
GCF_900156735.1,II-C
GCF_900156825.1,II-C
GCF_000621005.1,II-C
GCF_001663655.1,II-C
GCF_000427965.1,II-C
GCF_000374365.1,II-C
GCF_000374125.1,II-C
GCF_000177055.1,II-C
GCF_000156495.1,II-C
GCF_002161725.1,II-C
GCF_000423105.1,II-C
GCF_000375405.1,II-C
GCF_000423245.1,II-A
GCF_001437055.1,II-A
GCF_000711875.1,II-C
GCF_000512205.2,II-C
GCF_000583695.1,II-A
GCF_000152805.1,II-C
GCF_000447675.1,II-C
GCF_000465035.1,II-C
GCF_000155875.1,II-C
GCF_000189395.1,II-C
GCF_900142035.1,II-C
GCF_001652875.1,II-A
GCF_001956855.1,II-C
GCF_000378745.1,II-C
GCF_000759315.1,II-C
GCF_001553225.1,II-C
GCF_000420505.1,II-C
GCF_000735695.2,II-C
GCF_000020145.1,II-C
GCF_000762845.1,II-C
GCF_000377705.1,II-C
GCF_001436675.1,II-A
GCF_900104235.1,II-A
GCF_000379985.1,II-A
GCF_000246965.1,II-C
GCF_000737705.1,II-C
GCF_000243115.2,II-C
GCF_001420285.1,II-C
GCF_000348725.1,II-C
GCF_000260115.1,II-C
GCF_000374005.1,II-C
GCF_000430845.1,II-C
GCF_000615905.1,II-A
GCF_000163655.1,II-C
GCF_000234055.1,II-C
GCF_000613925.1,II-C
GCF_000210055.1,II-A
GCF_000215935.2,II-C
GCF_001436735.1,II-C
GCF_000296465.1,II-C
GCF_000429125.1,II-C
GCF_000816785.1,II-C
GCF_001696685.1,II-C
GCF_000374625.1,II-C
GCF_000422265.1,II-C
GCF_000816265.1,II-C
GCF_900176415.1,II-C
GCF_000425865.1,II-C
GCF_001870205.1,II-C
GCF_000974765.1,II-C
GCF_001270065.1,II-C
GCF_000519105.1,II-C
GCF_000421665.1,II-A
GCF_900156685.1,II-C
GCF_900187985.1,II-C
GCF_000423645.1,II-C
GCF_000735715.2,II-C
GCF_000300875.1,II-C
GCF_000298075.1,II-C
GCF_000314555.1,II-C
GCF_000159075.2,II-C
GCF_001045465.1,II-C
GCF_000187745.1,II-A
GCF_000174215.1,II-A
GCF_900130045.1,II-C
GCF_000712615.1,II-C
GCF_000724085.1,II-C
GCF_001601555.1,II-A
GCF_000614025.1,II-C
GCF_900168055.1,II-C
GCF_000195635.1,II-C
GCF_001998885.1,II-A
GCF_000304715.1,II-A
GCF_000512295.1,II-A
GCF_001436645.1,II-A
GCF_001684965.1,II-C
GCF_000090945.1,II-C
GCF_001078555.1,II-C
GCF_000238635.1,II-C
GCF_000226135.1,II-C
GCF_001436605.1,II-A
GCF_900142055.1,II-C
GCF_000213295.2,II-C
GCF_000318315.2,II-C
GCF_000318295.1,II-C
GCF_000277665.1,II-C
GCF_000411575.1,II-C
GCF_000318255.2,II-C
GCF_000271925.1,II-C
GCF_000469505.1,II-A
GCF_000257925.1,II-C
GCF_000220065.1,II-A
GCF_000146755.1,II-A
GCF_000022305.1,II-C
GCF_000347675.2,II-C
GCF_000828635.1,II-C
GCF_900141955.1,II-C
GCF_001435995.1,II-C
GCF_900142015.1,II-C
GCF_000204315.1,II-C
GCF_000701725.1,II-A
GCF_000421045.1,II-A
GCF_000829375.1,II-C
GCF_001652565.1,II-C
GCF_000515315.1,II-C
GCF_001311785.1,II-A
GCF_000293175.1,II-C
GCF_000565055.1,II-A
GCF_000526095.1,II-C
GCF_000526035.1,II-A
GCF_000517685.1,II-A
GCF_000517785.1,II-A
GCF_001435505.1,II-C
GCF_001623095.1,II-C
GCF_000314775.2,II-A
GCF_000221545.1,II-A
GCF_000211795.1,II-C
GCF_000287635.1,II-C
GCF_900168155.1,II-C
GCF_000220525.1,II-C
GCF_000252625.1,II-C
GCF_000344175.1,II-C
GCF_001050295.1,II-C
GCF_900177385.1,II-C
GCF_000831645.3,II-A
GCF_000411275.1,II-C
GCF_000382465.1,II-C
GCF_001431045.1,II-A
GCF_000975055.1,II-C
GCF_000473955.1,II-C
GCF_000286475.1,II-C
GCF_000468855.1,II-A
GCF_000515275.1,II-C
GCF_000689455.1,II-C
GCF_001011675.1,II-C
GCF_001014615.1,II-C
GCF_900142075.1,II-C
GCF_000425145.1,II-C
GCF_000799115.1,II-C
GCF_900129405.1,II-C
GCF_900142785.1,II-C
GCF_000260795.1,II-C
GCF_000190435.1,II-C
GCF_000744835.1,II-C
GCF_000281715.1,II-C
GCF_000282115.1,II-C
GCF_900119185.1,II-C
GCF_000479335.1,II-C
GCF_000381325.1,II-C
GCF_000378585.1,II-C
GCF_000378605.1,II-C
GCF_000382185.1,II-C
GCF_002127665.1,II-A
GCF_000524375.1,II-A
GCF_000524275.1,II-C
GCF_000526555.1,II-C
GCF_000513555.1,II-A
GCF_000296955.1,II-C
GCF_001654455.1,II-C
GCF_900187995.1,II-C
GCF_000246945.1,II-C
GCF_000264055.1,II-C
GCF_000564995.1,II-C
GCF_000740055.1,II-A
GCF_001278115.1,II-C
GCF_000296835.1,II-A
GCF_000411395.1,II-A
GCF_000508185.1,II-C
GCF_000369505.1,II-C
GCF_000967195.1,II-C
GCF_000970855.1,II-A
GCF_001281175.1,II-A
GCF_000970755.1,II-A
GCF_000970775.1,II-A
GCF_001639105.1,II-C
GCF_000517925.1,II-C
GCF_000390185.1,II-C
GCF_000737715.1,II-C
GCF_000403475.2,II-A
GCF_000799465.1,II-C
GCF_000745315.1,II-C
GCF_001940165.1,II-C
GCF_000508085.1,II-C
GCF_000400995.2,II-C
GCF_000424145.1,II-C
GCF_000424185.1,II-C
GCF_000682675.1,II-C
GCF_000762865.1,II-C
GCF_002115745.1,II-C
GCF_900142445.1,II-C
GCF_000299335.2,II-C
GCF_001021975.1,II-C
GCF_000445145.1,II-C
GCF_001640115.1,II-C
GCF_000798825.1,II-C
GCF_001047035.1,II-C
GCF_001403635.1,II-C
GCF_001005315.1,II-C
GCF_000585175.1,II-C
GCF_001553265.1,II-C
GCF_001553345.1,II-A
GCF_001559775.1,II-C
GCF_000576615.1,II-C
GCF_000688375.1,II-C
GCF_000469155.1,II-C
GCF_000473305.1,II-C
GCF_000498995.1,II-C
GCF_000577815.1,II-C
GCF_001684975.1,II-C
GCF_900129245.1,II-C
GCF_000687435.1,II-C
GCF_000505545.1,II-C
GCF_001684955.1,II-C
GCF_000516555.1,II-C
GCF_000521605.1,II-C
GCF_000986795.1,II-C
GCF_001921845.1,II-A
GCF_000723505.1,II-C
GCF_000599605.1,II-C
GCF_900142565.1,II-C
GCF_001650635.1,II-C
GCF_000703065.1,II-A
GCF_001310395.1,II-A
GCF_000583135.1,II-C
GCF_000828975.1,II-C
GCF_000797445.1,II-C
GCF_000513195.1,II-C
GCF_000321205.1,II-C
GCF_002115825.1,II-C
GCF_002159295.1,II-A
GCF_000311865.1,II-A
GCF_001553055.1,II-A
GCF_000686945.1,II-C
GCF_000525795.1,II-A
GCF_000525875.1,II-C
GCF_000686965.1,II-C
GCF_001552885.1,II-A
GCF_000799515.1,II-C
GCF_900128945.1,II-C
GCF_000799195.1,II-C
GCF_900129105.1,II-C
GCF_000799335.1,II-C
GCF_900188245.1,II-C
GCF_000816245.1,II-C
GCF_000786575.1,II-C
GCF_000752095.1,II-C
GCF_000768855.1,II-C
GCF_000743655.1,II-C
GCF_001296005.1,II-C
GCF_001295935.1,II-C
GCF_001007875.1,II-C
GCF_000760615.1,II-A
GCF_000761135.1,II-A
GCF_000765685.1,II-C
GCF_001611975.1,II-C
GCF_000949455.1,II-C
GCF_002079305.1,II-C
GCF_002072155.1,II-C
GCF_001073005.1,II-C
GCF_001056095.1,II-A
GCF_001053935.1,II-A
GCF_001069025.1,II-C
GCF_001807635.1,II-A
GCF_001815865.1,II-A
GCF_001807655.1,II-A
GCF_001807805.1,II-C
GCF_001807855.1,II-C
GCF_001807935.1,II-A
GCF_001807965.1,II-C
GCF_001418685.1,II-C
GCF_001553405.1,II-A
GCF_001552895.1,II-A
GCF_001553085.1,II-A
GCF_000833975.1,II-C
GCF_001838705.1,II-C
GCF_001839185.1,II-C
GCF_001687365.1,II-C
GCF_001403575.1,II-C
GCF_001610835.1,II-C
GCF_001657575.1,II-C
GCF_001532025.1,II-C
GCF_000972765.1,II-C
GCF_001050095.1,II-A
GCF_001261715.1,II-C
GCF_001262075.1,II-C
GCF_001038455.1,II-A
GCF_002139895.1,II-C
GCF_900178525.1,II-C
GCF_001045455.1,II-C
GCF_001187685.1,II-C
GCF_001952045.1,II-C
GCF_001407835.1,II-A
GCF_900155405.1,II-A
GCF_001297705.1,II-C
GCF_001278825.1,II-C
GCF_001612575.1,II-C
GCF_001543345.1,II-C
GCF_001808895.1,II-C
GCF_001838135.1,II-C
GCF_001836315.1,II-C
GCF_001808575.1,II-A
GCF_001836345.1,II-A
GCF_001808585.1,II-A
GCF_001808625.1,II-A
GCF_001808635.1,II-A
GCF_001809385.1,II-C
GCF_001837635.1,II-C
GCF_001808655.1,II-C
GCF_001809485.1,II-A
GCF_001838125.1,II-A
GCF_001836275.1,II-A
GCF_001837325.1,II-C
GCF_001837765.1,II-A
GCF_001809645.1,II-A
GCF_001837855.1,II-A
GCF_001836325.1,II-A
GCF_001837335.1,II-A
GCF_001809725.1,II-C
GCF_001809765.1,II-A
GCF_001808785.1,II-A
GCF_001810115.1,II-A
GCF_001808795.1,II-A
GCF_001838105.1,II-A
GCF_001810185.1,II-C
GCF_001808815.1,II-A
GCF_001837725.1,II-A
GCF_001486445.1,II-A
GCF_001891165.1,II-C
GCF_001073445.1,II-A
GCF_001071365.1,II-A
GCF_001529295.1,II-C
GCF_001421435.1,II-C
GCF_001421665.1,II-C
GCF_001424105.1,II-C
GCF_001425405.1,II-C
GCF_001429705.1,II-C
GCF_001425055.1,II-C
GCF_001426965.1,II-C
GCF_001428965.1,II-C
GCF_001425665.1,II-C
GCF_001426345.1,II-C
GCF_001427025.1,II-C
GCF_001427605.1,II-C
GCF_001414205.1,II-C
GCF_001810705.1,II-A
GCF_001810745.1,II-A
GCF_001810765.1,II-A
GCF_001810915.1,II-A
GCF_001811035.1,II-A
GCF_001811315.1,II-C
GCF_001838525.1,II-C
GCF_001811595.1,II-C
GCF_001811745.1,II-A
GCF_001811765.1,II-A
GCF_001812155.1,II-A
GCF_001812375.1,II-C
GCF_001812695.1,II-A
GCF_001812855.1,II-A
GCF_001813195.1,II-C
GCF_001813205.1,II-A
GCF_001813275.1,II-C
GCF_001813595.1,II-A
GCF_001813825.1,II-A
GCF_001838465.1,II-C
GCF_001813925.1,II-C
GCF_001814045.1,II-A
GCF_001814065.1,II-A
GCF_001838445.1,II-C
GCF_001814225.1,II-C
GCF_001814335.1,II-A
GCF_001814395.1,II-C
GCF_001814385.1,II-A
GCF_001814645.1,II-C
GCF_001814945.1,II-C
GCF_001814995.1,II-C
GCF_001815155.1,II-C
GCF_001815255.1,II-C
GCF_001815305.1,II-A
GCF_001838485.1,II-C
GCF_001815375.1,II-C
GCF_001815435.1,II-A
GCF_001815465.1,II-C
GCF_001815515.1,II-C
GCF_001507425.1,II-C
GCF_001587175.1,II-A
GCF_001686945.1,II-C
GCF_001652445.1,II-C
GCF_001517835.1,II-A
GCF_001556605.1,II-A
GCF_001556325.1,II-C
GCF_001556405.1,II-C
GCF_001517915.1,II-A
GCF_001613785.1,II-C
GCF_900065875.1,II-C
GCF_001578805.1,II-A
GCF_001553915.1,II-A
GCF_001643375.1,II-C
GCF_001648355.1,II-C
GCF_001885615.1,II-C
GCF_900086595.1,II-C
GCF_900117315.1,II-C
GCF_001298875.1,II-C
GCF_900089075.1,II-C
GCF_900169075.1,II-C
GCF_001636485.1,II-C
GCF_002140245.1,II-A
GCF_001673755.1,II-C
GCF_001649495.1,II-C
GCF_900128455.1,II-C
GCF_001936595.1,II-C
GCF_001971585.1,II-A
GCF_001683825.1,II-C
GCF_000827555.1,II-C
GCF_001650875.1,II-C
GCF_001675455.1,II-C
GCF_001747085.1,II-C
GCF_001761325.1,II-C
GCF_900104595.1,II-A
GCF_001832905.1,II-A
GCF_001650315.1,II-A
GCF_001693475.1,II-C
GCF_900176655.1,II-A
GCF_900120345.1,II-A
GCF_900104655.1,II-C
GCF_900155395.1,II-C
GCF_002075885.1,II-C
GCF_900129795.1,II-C
GCF_001983935.1,II-C
GCF_002139615.1,II-C
GCF_002138835.1,II-C
GCF_002139695.1,II-C
GCF_002139735.1,II-C
GCF_002139135.1,II-C
GCF_002139795.1,II-C
GCF_900129715.1,II-C
GCF_900108345.1,II-C
GCF_900104665.1,II-A
GCF_001762365.1,II-C
GCF_001762375.1,II-C
GCF_001762495.1,II-C
GCF_001762755.1,II-C
GCF_001762785.1,II-C
GCF_001762835.1,II-C
GCF_001762855.1,II-C
GCF_001762865.1,II-C
GCF_001764255.1,II-C
GCF_001975685.1,II-C
GCF_001764115.1,II-C
GCF_001875725.1,II-C
GCF_900156015.1,II-C
GCF_900155365.1,II-C
GCF_900120125.1,II-A
GCF_001937065.1,II-A
GCF_001887885.1,II-C
GCF_900155625.1,II-C
GCF_002020875.1,II-C
GCF_002201235.1,II-C
GCF_000445995.2,II-C
GCF_001936475.1,II-C
GCF_002078605.1,II-C
GCF_001971785.1,II-C
GCF_001975985.1,II-C
GCF_002017935.1,II-C
GCF_002177115.1,II-C
GCF_900167315.1,II-C
GCF_002077775.1,II-C
GCF_002160515.1,II-A
GCF_002160415.1,II-A
GCF_002159645.1,II-C
GCF_002159555.1,II-C
GCF_002159385.1,II-A
GCF_002159375.1,II-C
GCF_002161555.1,II-C
GCF_002127285.1,II-C
GCF_002140775.1,II-A
GCF_002215495.1,II-C
GCF_002197755.1,II-C
